path,name,id
Testbook/Ancient history,Travelers_in_Ancient_India.pdf,1fk-fqVhYEjQDjUkrRaTc3ZOcAwshl9Yw
Testbook/Ancient history,Books_and_Authors_of_Ancient_India.pdf,1H5JslAnXT_FkYp9tUQALIu_GVjaNII7p
Testbook/Ancient history,Post_Gupta_-_Pallavas_and_Chalukyas.pdf,1WY4QrfOqEp9UFOhuSiOf261gG1ZsCh4W
Testbook/Ancient history,Guptas_Empire.pdf,1nrF6WBTDXzbSjWEoOoKfPz5Cj_pLcGy4
Testbook/Ancient history,The_Reign_of_Harshavardhana.pdf,1JEa9U3MrPeE60I3FugGtQ0Yw4WA5l6w9
Testbook/Ancient history,"Sangam_Age_-_Chola,_Chera_and_Pandyas.pdf",1bOGKJem183s8_MsH3H29ucNf_i9j4SKQ
Testbook/Ancient history,Post_Maurya_-_Kushanas.pdf,1fYQDQcRlz9RCo3iDWroUmGFu5uDntVjs
Testbook/Ancient history,Post_Mauryan_-_Satvahanas.pdf,1eajwqDV5Y1OhO8vpQUyVmJs5z9KYLq63
Testbook/Ancient history,Post_Maurya_-_Sakas_and_Parthians.pdf,15mwBNj-WL30qL5ogQcL7-pFylZJWZwNF
Testbook/Ancient history,"Post_Mauryan_-_Sungas,_Kanvas_and_Chedis.pdf",17xXuQfmPtCqo5BqCGZP4e3WMpX82udvc
Testbook/Ancient history,Indo-Greek_Invasion.pdf,1u33iE9Q-BdpBOUZKYBtFiFAPSL4vxhZo
Testbook/Ancient history,The_Mauryan_Empire.pdf,1GtdBxuI2bM9i0QY9idEZXMiOJs-KlcSc
Testbook/Ancient history,Invasion_of_Alexander.pdf,1uJ9P7GZqYzl0Mi0vq6ScqSwfs0L9Uq2L
Testbook/Ancient history,Magadha_Dynasties.pdf,1YOMTPlmt2BoH2ooWLR82vlw6pnaAqGrs
Testbook/Ancient history,Rise_of_Magadha.pdf,1Wzlw7ftFC_GNzaDAljllSAZf8YH8rF7P
Testbook/Ancient history,Mahajanpadas.pdf,1v5MgLq0awyHYQk-S6hFl3TfFgjpFTI29
Testbook/Ancient history,Jainism.pdf,1wryOuvyV7Wkj6u8BrWSuJBsUTm3WT2gy
Testbook/Ancient history,Buddhism_-_II.pdf,12FN9jDt8-Iz0rcRDEcg3nxV13ITmTOwV
Testbook/Ancient history,Buddhism_-_I.pdf,1TRsdT9vxBLS4vZcIn7P9h4CRNEkZa45T
Testbook/Ancient history,Later_Vedic_Period.pdf,1IADvX00okQNlhyzEnNXE4hxqxV21fTIA
Testbook/Ancient history,Stone_Age.pdf,1TJV7mri9KjE0D97hB5wBQqChXyKRpGMO
Testbook/Ancient history,Early_Vedic_Period.pdf,1bkbBRaZDrIKj_FqECIuO0T_r1uzCQW57
Testbook/Ancient history,Indus_Valley_Civilization.pdf,1rGJsRXCIIA95DMo5CGi77irLV41s1p3J
Testbook/Indian Economy,Food_Security.pdf,1dldQVwUfCfpVsYR_NYfxAGUWgQl3Na0Y
Testbook/Indian Economy,Demography_.pdf,1CLxBdudL1ffARi5RQfrb4Z6RJvwhRAkq
Testbook/Indian Economy,Indian_Agriculture.pdf,1YFYh7F5LCJoMEZGyK5pP6fDTXOS2iGK0
Testbook/Indian Economy,Pension_System_in_India.pdf,1rLhNQdxxamtGRJxe1Tq-i15Y5qxSghVk
Testbook/Indian Economy,Insurance_Sector_in_India.pdf,174ngPq8g02FInPOA45vOaZmLH1QBVE2R
Testbook/Indian Economy,Sectors_of_Indian_Economy.pdf,1zVr5d0InR7b0Onz2GbYFIuiwVp6UCtKW
Testbook/Indian Economy,Public_Sector_Enterprises.pdf,1KJ8Er94cYNQNJSXTo8Dymo9t7sEUfGh8
Testbook/Indian Economy,Indian_Industries.pdf,15_myjXQn4066AAFvJU2zgjY8hApY4QPa
Testbook/Indian Economy,FDI_FII_FPI.pdf,1TgG3k7_VbEwOKmZdabBnL1EwY44S0oWb
Testbook/Indian Economy,Balance_of_Payments.pdf,1aaQHqkIk7wHRrccoWr77dsQ-XnCO4f7U
Testbook/Indian Economy,Goods_and_Services_Tax.pdf,1P3lTIkrBaqOvAhGsyRFpg1X-EGxgX_5x
Testbook/Indian Economy,Tax_Structure_in_India.pdf,1sK9WxH5ninMrRlNAfCNK7zMdKV9hmAkf
Testbook/Indian Economy,Key_Features_of_Budget_2024-2025.pdf,1qKoDLzsaAo3TkQuXlWvXAOZ6c_QTw_dj
Testbook/Indian Economy,Government_Budgeting.pdf,16Y-fFJftOu3bLb13ivRPmsoy3zmJTVNg
Testbook/Indian Economy,Fiscal_Policy.pdf,13r610MfTvigESvr0oZgc53AvATs2dlTp
Testbook/Indian Economy,Unemployment_in_India.pdf,1lw2PA1YiI6byPJLDZ7OQhSmr4_GhH272
Testbook/Indian Economy,Inflation_in_India.pdf,1oZl7ArcCFVNYkpiIiAvhiFFUIMzRgLfM
Testbook/Indian Economy,Financial_Markets.pdf,1RF9IjJ6pH7M24HSovsysC1pdQDRYIkNk
Testbook/Indian Economy,Banking_Sector_in_India.pdf,1djkPMOVNIYzP5C8T2ZCD3qsgHCalk36e
Testbook/Indian Economy,Money_Supply.pdf,1Rp8v33MU1cpAjcAmuQg5ZfBCD889Jv6r
Testbook/Indian Economy,Functions_of_Money.pdf,1h4tTBmfPRCr0nqnDosJv4ojMfXD1CSyf
Testbook/Indian Economy,Monetary_Policy.pdf,1AJDOyn_uXHCUOdu2gERVDb2Ja7zv9Q64
Testbook/Indian Economy,Reserve_Bank_of_India.pdf,1f9617asiQgymi1-1AAQ_bHte5vHuWEH2
Testbook/Indian Economy,Economic_Reforms_in_India.pdf,1RB9EAHEuI4mO2Ur7g6BbZYqCyhSNhtY5
Testbook/Indian Economy,Five_Year_Plan.pdf,1PMqLmVo1BRC4OCLayL8u03bR2r9Xb5la
Testbook/Indian Economy,Planning_in_India.pdf,1nTBCrbgl705ySlRL1HzVdifhueJNiXTp
Testbook/Indian Economy,Growth_and_Development.pdf,1wNmrIdE42h7nXNjXp6Ibk7id9vBqNrMF
Testbook/Indian Economy,Methods_of_Calculating_National_Income.pdf,1BFbm0k-XRYG2Fnz8DOD1-tD1xM4ga7Ub
Testbook/Indian Economy,National_Income.pdf,13OQrKPbob5LguWVdPDmlPD6z3g1ufDnS
Testbook/Indian Economy,Basic_Concepts_of_Macroeconomics(Part_2).pdf,1AY6hgW5rOjFikyUq_watc8J9Lzdauvjw
Testbook/Indian Economy,Basic_Concepts_of_Macroeconomics(_Part_1).pdf,1f7M70-yNyjGrUNpj0l0rfsCfdXiRIUoi
Testbook/Indian Economy,Theory_of_Consumer_Behaviour.pdf,18vXflT0SNqk8k6dmqnk3Cg5JzQkv_9f_
Testbook/Indian Economy,Market_Structures.pdf,1-c3vY0YeV3OWGihv2wac9Q3xUDhhnf5j
Testbook/Indian Economy,Basic_Concepts_of_Microeconomics.pdf,1jSXX4GHUnxVL9tpAKOI8YzFiiWPVLndK
Testbook/Art and Culture,Schools_of_Philosophy.pdf,1W14ODtxuLnQ5aUfokODcFFaAH1n35XfG
Testbook/Art and Culture,Tribal_Culture_in_India.pdf,1MCtLOfhYGhvpc1-7n8vOjz9tSSXKph_N
Testbook/Art and Culture,Fairs_and_Festivals.pdf,1hKSmefb6P24JtaRJrQX70IiiXZJt86vn
Testbook/Art and Culture,Language_and_Literature.pdf,16VaKvmzojGFtSHkSxPSw42BMqKJoooX4
Testbook/Art and Culture,Religions_in_India.pdf,1wgc773pPIxpiUP-SDV85l8kMq1t4syGZ
Testbook/Art and Culture,Puppetry_in_India.pdf,1K0rJvc_GPcsdn4ZCzyqt0ILSud4o60s0
Testbook/Art and Culture,Indian_Theatre_Forms.pdf,1woee8TWwGJcbsayT8N78g6BERzAmYFfX
Testbook/Art and Culture,P_MUSIC.pdf,1FBcG9w-uz-p_jguPy4VhwdYX-W_YDsyt
Testbook/Art and Culture,Folk_Dances_of_States_-_I.pdf,1Pvg7pbAd_1izBemfWSW6bo870Tp-EH-Y
Testbook/Art and Culture,Classical_Dances_of_India_-_II.pdf,1TrIOigNEOKQGuvoOGJAa-R6PYJGVpREp
Testbook/Art and Culture,Classical_Dances_of_India_-_I.pdf,1xMDIeVFMzNCoIj4aUJE3sQET5zreJBPQ
Testbook/Art and Culture,Indian_Handicrafts.pdf,1EelPxCEVNlE0n-pW1fel4FDhDVUSx5Ue
Testbook/Art and Culture,Indian_Paintings.pdf,1j3LYJB6huFfhp7lj0EvO2l6kJ2uD3pk4
Testbook/Art and Culture,Edicts_and_Inscriptions.pdf,1LDbUgQeOdwNNDIWRONyUHno-mszYc7Os
Testbook/Art and Culture,Indian_Sculpture_and_Pottery.pdf,19QwjAcsJsCvZwPPEO1vSQGoN2xgehBhv
Testbook/Art and Culture,Architecture_-_Modern_Architecture.pdf,129KDSI2QbvU7R9GK2PT91UjnfLtULKxy
Testbook/Art and Culture,Architecture_-_Indo_-_Islamic_Architecture.pdf,1mw4PgVvmtdYUNRy5L09HQpNbJ3IhpeMT
Testbook/Art and Culture,_Architecture_Temple(Parul).pdf,1EAWMxPE9u_9Chzc6tPlNw1QoZH2fOX68
Testbook/Art and Culture,Cave_Architecture.pdf,1WyDka_gT3_p513NrxxsC2X_7X9a50VF9
Testbook/Indian Geography,Sobriquet.pdf,1mutruFRis08Hs1G0bCe_YwZHAh7jVdEI
Testbook/Indian Geography,CENSUS_2011.pdf,1wgfhhlHRrqGq1uNTk0DXFy5naNUAajOR
Testbook/Indian Geography,Wildlife_Sanctuaries_and_Biosphere_Reserves.pdf,1u4TYlDhdxH9WUNUxSc9_NrX_RhnOsW-4
Testbook/Indian Geography,National_Parks.pdf,1p1OB8oPZKfyLiNT1opZqqD7B-h7k7Xfl
Testbook/Indian Geography,Wildlife_Conservation_Efforts_and_Endangered_Species.pdf,1j--eEzFsgNxH5sUyg87FZoQKRsXt0zBV
Testbook/Indian Geography,Wildlife.pdf,1twNi8BqAvQLZl0Xz3Zw3GAigSM6jee-L
Testbook/Indian Geography,Natural_Vegetation_of_India.pdf,1djT5XnAoSlbbewjcczs9HpouacO4vklX
Testbook/Indian Geography,Important_Mountains_Passes_.pdf,196f9CBbl4j9_wt1Bq1QQ_vSlY4OwLP5K
Testbook/Indian Geography,Energy_Resources_in_India_-_Solar_and_Wind_Powerplants.pdf,10aRLB486oHo62vdTR7IqYTtFV5ahD-gB
Testbook/Indian Geography,Conventional_and_Non_Conventional_Resources (1).pdf,1hVGBM0K9q31GzHq6aKdhupcJYN2_Jumy
Testbook/Indian Geography,Mineral_Resources_in_India_-_Non-Metallic.pdf,10PKsd9OHg0hgr0HuGTq7kTwXTn71jdLL
Testbook/Indian Geography,Mineral_Resources_in_India_-_Metallic.pdf,1KwdJBE3ZY0Zgsmo3zBvuHJ8r7q19af51
Testbook/Indian Geography,Communications.pdf,18V-Jtnpsl8prCz0qZjvu-S6OA95VOirF
Testbook/Indian Geography,Transport_-_Airways_and_Pipelines.pdf,1Cf5mDfup5x4hP0Dhk2KLWbLUG0q9d_sw
Testbook/Indian Geography,Transport_-_Railways.pdf,1aDmk7FwfAbkZ1Q3wLRIsS7pWU7_3SYHC
Testbook/Indian Geography,Transport_-_Waterways.pdf,1MerIbJFrIxGHw9dqG6sBKWUoBxDeGqRA
Testbook/Indian Geography,Transport-Roadways.pdf,1uSZvFxvKJ7VsILpYQ1NYanT_k8spU_Ge
Testbook/Indian Geography,Major_Crops_of_India.pdf,1aHMPcDnlNi83kmkhQKT0tbIPx4kSv7hf
Testbook/Indian Geography,Agriculture.pdf,10MQrNStMs7RmAsWIlAIfEct873YjiWQ_
Testbook/Indian Geography,Soils_in_India.pdf,1LNblRxg6qG7-8XgZA2tWzdo4keMpL5H3
Testbook/Indian Geography,Indian_Climate_I.pdf,1g9akm-ZMuXuI7dZ8Tm1CwswzUhmN1Fb0
Testbook/Indian Geography,Waterfalls_In_India.pdf,1uDXs5yFiFIrQ6_YRJZp-ILD9rTCoLxYR
Testbook/Indian Geography,Dams_in_India.pdf,1qRdzuYqkSJJNSBmw5C5JLznTWrTb0tEl
Testbook/Indian Geography,Lakes_of_India.pdf,1zZxOhkXF7FtABPYs4eFb9qImcN4VLGZX
Testbook/Indian Geography,Drainage_System__Peninsular_River_System_(East_Flowing_Rivers).pdf,1ZPMt5MXwPsCGBy6kd6HPpki_z2Oq2F3M
Testbook/Indian Geography,Drainage_System__Himalayan_River_System.pdf,1PCnss-NE0cKWyDQaS4_ihMKki72Lp0H-
Testbook/Indian Geography,Drainage_System__Introduction.pdf,1HX3ZFqN4fg3VXeb2QsLutBQ1fcC8_wUi
Testbook/Indian Geography,India__Location_and_Its_Size.pdf,1Man1WzDKuToiR02xmzJ-SfarC_IfqajQ
Testbook/Indian Geography,Physiographic_Divisions_of_India_-_Coastal_Plains_and_Islands.pdf,1f7DpDtB3oHZAgPhAQRib9x3zkPs1gkpH
Testbook/Indian Geography,Physiographic_Divisions_of_India_-_Plateaus_and_Deserts.pdf,1vrXyBdjBVoGXuFJPikgw6umNa8UCSqxo
Testbook/Indian Geography,Physiographic_Divisions_of_India_-_Himalayas_and_Northern_Plains.pdf,12rGQX_hLxeUHG3zkhUfcvZvvhjCy8WTc
Testbook/Indian Geography,Geo_&_Tidal_Energy.pdf,1HZiXYdJev3i9Tp6puDTVxVWZ1nj3FQV2
Testbook/Indian Geography,Energy_Resources_in_India_-_Nuclear_Power_plants.pdf,1xeI3dLjPEwVt-Oyz_fOj0Mh6BWysDzR5
Testbook/Indian Geography,Energy_Resources_in_India_-_Thermal_and_Hydro_Power_Plants.pdf,1Dnzz4ZfrzpP2WY51icxtIapOV_jwiGzw
Testbook/Indian Geography,"Mineral_Resources_in_India_-_Coal,_Petroleum_and_Natural_Gas.pdf",1lBR4g7P9lvBTR_yfAh65lFIU06CwgSRG
Testbook/Indian Geography,Conventional_and_Non_Conventional_Resources.pdf,1hGdqOlJn_NleoTcIVhh1Kb7D1sZbnBbQ
Testbook/Indian Polity,Historical_Background_of_Indian_Consitution.pdf,14W_RmvVwI6qtrCB9DNxW3_Ka8R9Yokp1
Testbook/Indian Polity,MAKING_OF_THE_CONSTITUTION.pdf,1wjg6oBhpKw5sfvx83P8g9ApERFdm4JZi
Testbook/Indian Polity,Salient_Features_of_the_Constitution.pdf,1jKt8o5GbU83i5CRHO4Wb7W0lVQuX17aX
Testbook/Indian Polity,Preamble.pdf,1TEO5Gro39bGc4LcoLkPlNzvJajP7eAU8
Testbook/Indian Polity,Parts_of_Indian_Constitution.pdf,1xwQyEzE74KAmC-5YY4C7KKioMQ16ufVa
Testbook/Indian Polity,SCHEDULES_OF_INDIAN_CONSTITUTION.pdf,10vQVB5-dltCdmRW8Y-x1PgjcaUTY7H-t
Testbook/Indian Polity,Union_and_its_Territory.pdf,1furAFtLtQQ9UiCfZ2UJDXaf0RWBqg8c2
Testbook/Indian Polity,Citizenship.pdf,1ETsPuFbeOSG8ncM-Fix7zegV-gMY-KCb
Testbook/Indian Polity,Fundamental_Rights_-_I_(Article_12-22).pdf,1P52YKYgG7_pPEit5CkkycpxDG7rKt9R_
Testbook/Indian Polity,Fundamental_Rights_-_II_(Article_23-35).pdf,1Os4mc6UzMJjeQkuYPOZAq-qoXEpKhqH5
Testbook/Indian Polity,Directive_Principles_of_State_Policies.pdf,1kviiBnj0oFJ4IQrEI3fuKKw6PCpxI4nr
Testbook/Indian Polity,Fundamental_Duties_Article_(51A).pdf,1OWJzM1HHMkYI3AXYeJJMRFR6Zl_6j7RQ
Testbook/Indian Polity,AMENDMENTS_OF_INDIAN_CONSTITUTION.pdf,1EOSYYRDkSYgXzkQ8ppLipCl3-mKd1sGW
Testbook/Indian Polity,Important_Constitutional_Cases.pdf,1YtIhHYk4R03t7ZS3xZMRbdRsS7ygTJwG
Testbook/Indian Polity,Emergency_Provisions.pdf,119GxE567Sun1d010Rz6yTnYU1dF7y2Lr
Testbook/Indian Polity,Introduction_to_Parliament.pdf,1VFUBaWkim0BTadDduq0JWzLJpvpCM0Z8
Testbook/Indian Polity,Presiding_Officers_of_Indian_Parliament.pdf,1RSaIWHhA_8Gs_of4qbr4Vu8aw-uKXT2h
Testbook/Indian Polity,Sessions_of_parliament.pdf,1R8uHtgduwhY75W1fHsThY-6BMtVj_sXB
Testbook/Indian Polity,Devices_of_parliamentary_proceedings.pdf,1w2XfiWuZMlnr2TPEdNQF8Ns3fYOjSvTW
Testbook/Indian Polity,Parliament_-_Lok_Sabha.pdf,1QHY-Re5Jz3XpJ9l1_LE7e-HzZM9TOf4B
Testbook/Indian Polity,Parliament_-_Rajya_Sabha.pdf,1RV5cAZG9qNDXME1vUfXk7KiejhBiAAIc
Testbook/Indian Polity,Budget_in_Parliament.pdf,1vrG7qQAfXbOHc6g8erjLjKkggxpQMKO6
Testbook/Indian Polity,Parliamentary_Committees.pdf,1mGSU5llMbDyB4uslgvHLWovQs-4r8ah3
Testbook/Indian Polity,Central_Government_-_President.pdf,1ky5oegtVSPX13auBgfKqLe3MPwXPhskn
Testbook/Indian Polity,Central_Government_-_Vice-President.pdf,1miwZTDF-pfhmbQn7cBTm2199Jp-g6eVN
Testbook/Indian Polity,Central_Government_-_Prime_Minister_and_Council_of_Ministers.pdf,1XeS_Rqa7AoM46LFz1f7i9ZrDyOCQKlwj
Testbook/Indian Polity,State_Legislature.pdf,10UI7EiMW8GAJQh2dUn1_YxdjWAUWBVTe
Testbook/Indian Polity,State_Government_-_Governor.pdf,1INNBAcH5fNRyD-y5OpY8MGgyXtUvAVD5
Testbook/Indian Polity,State_Government_-_Chief_Minister_&_State_Council_of_Ministers.pdf,1QhNXOD3FDkEtO-gqJf13VhQYKfZSGPwC
Testbook/Indian Polity,Judiciary_-_Supreme_Court.pdf,1_T_D8MqTkVPbWpnGJ52luXkRedsjt_LQ
Testbook/Indian Polity,Judiciary_-_High_Court.pdf,1-xzFdG-uZE_-KqaVlwkh4_GNBAD1GY7m
Testbook/Indian Polity,Judiciary_-_Sub-ordinate_Courts.pdf,1Nav1uzY_FVbt1yKiJw0aZtai-ma18PgP
Testbook/Indian Polity,Local-self_Government_-_Panchayati_Raj.pdf,1fiY9EMCgju7r2zXofNVRy8zaoHfSE5q_
Testbook/Indian Polity,Local-self_Government_-_Urban_Local_Bodies.pdf,1nc-grH4qxus5H07rXIK4awjV-jBltLAr
Testbook/Indian Polity,Union_Territories_of_India.pdf,1JOlIQGokII6xik16DI6xC-_IocnXlGny
Testbook/Indian Polity,Constitutional_bodies.pdf,17Q9zRrXIXX9j5PIi6U2XlWNrZ28wICyc
Testbook/Indian Polity,Non-Constitutional_bodies.pdf,1fPDysCi1DJn27zXDsHAHj1lEsN6UfYrs
Testbook/Indian Polity,Political_Parties_in_India.pdf,1UnM1XPzySssMdNiR096ghCtoGR-s_ca4
Testbook/Indian Polity,Elections.pdf,1nQ-RNfqWjo7xDwTY-LfBKTaR_Tzupo4l
Testbook/Indian Polity,Pressure_Groups.pdf,1M66jTBTFdXbkZcPc98PQ958Dl_yc_zqB
Testbook/Medieval History,Sikhism.pdf,1HRdnfpXmDe0l6O1jFbyxtpQRJ7Akxs5N
Testbook/Medieval History,Travellers_in_Medieval_India.pdf,13a1bLDhl4_KVOuw4GrUvFtPE6HZ322jw
Testbook/Medieval History,Books_and_Authors_(Medieval_History).pdf,1B1cefcsQvOsuTyzQQEk9sgekxpzE177E
Testbook/Medieval History,Maratha_Empire.pdf,1mKjpojwgofYPemSfkrzYS69r0eIndZre
Testbook/Medieval History,Aurangzeb.pdf,1PculHRhn80hsoBWs7ONwYsII0pltyUA3
Testbook/Medieval History,Shah_Jahan.pdf,1hDie54nhSsijolhxk50LWXrzpyWWCxdk
Testbook/Medieval History,Jahangir.pdf,1_QRO7hNo1sqFmHeQSybx3U-zVXVB9qJ0
Testbook/Medieval History,Akbar.pdf,1cajpMY4yBc9NT-MiT_6uFJ5geOzWiGFI
Testbook/Medieval History,Mughal_Dynasty_-_Sheshah_Suri_(Interregnum).pdf,1k4RaII8DLr7cPhnVTVZHFcFuu-gDwKmb
Testbook/Medieval History,Bahmani_Kingdom.pdf,1jJEyAvNNRma3t0WCLcJal12Ixu4mVYLe
Testbook/Medieval History,Humayun.pdf,1I7LicNlNbfqIwO4sWlTUpkEEYu5xcSak
Testbook/Medieval History,Babur.pdf,17odoJsBbPPT8PqqkBXDdjjxu4FQiHG4A
Testbook/Medieval History,Vijaynagar_Empire.pdf,1wLSa-RqoOc1BcQaYEclq6NWvvgZBlR8p
Testbook/Medieval History,Delhi_Sultanate_-_Syed_&_Lodhi.pdf,1Cj4KzlZRlDwvwjjnVMGtVIDd1I6VKEv4
Testbook/Medieval History,Khalji_Dynasty_(1290_to_1320).pdf,1CquZq9iD7AaujGW7nHqsWULHhrXTqusS
Testbook/Medieval History,Delhi_Sultanate_-_Tughlaq_Dynasty.pdf,1dN5Xqr9pJe4buCAjmWtbrjDS_V9DZlR1
Testbook/Medieval History,Slave_Dynasty_(1206–1290_CE).pdf,1vyaGW6fkzQHAOH0csPlgiveZq_jG6vtt
Testbook/Medieval History,Saints_of_Maharashtra.pdf,1bcbrMgwxWvnQTTmpKakxjdVXOGLEVBo7
Testbook/Medieval History,Bhakti_Movement_in_South_India.pdf,1qZJB-vIX8LQV8FVxFAslTyEhmPzy9LJ1
Testbook/Medieval History,Bhakti_Movement_in_North_India.pdf,1OuWExHDyShjadhSppiZ9XPUJmRt7sNYP
Testbook/Medieval History,Sufism.pdf,1AxPPLNGByyVVLs4yJX9X9gZVSNV2Y3pW
Testbook/Medieval History,"Regional_Kingdoms_-_Kakatiyas,_Hoysalas_and_Yadavas.pdf",149IyzGH7Xfm2Y-SIZf925k0LNtLW5n-k
Testbook/Medieval History,Islamic_Invasion.pdf,1O5RccRczisdjoTyVzAtlrrwvsoaAUu7Q
Testbook/Medieval History,"Rajput_Rulers_-_Tomaras,_Chauhans_&_Gahadvalas.pdf",1Z4jSFGV2fjkXKf9RCU-0nlWqxjngdOXE
Testbook/Medieval History,"Rajput_Rulers_-_Chandellas,_Paramaras_&_Solankis.pdf",1JbAebFMd-1yygWciABcSsgJoXMBfwM7e
Testbook/Medieval History,Imperial_Cholas_.pdf,1AnKGJOwqGa2onXTQFYcWUAkdD8s-cAxj
Testbook/Medieval History,Rashtrakutas.pdf,1g_AIJkgTXBXDcVJ00U-0FLjQWmV7SKxx
Testbook/Medieval History,Tripartite_Struggle.pdf,1RYXKoEsU701BPAhnkefT5ul4dE0ueQdq
Testbook/Modern History,INC_SESSIONS.pdf,1Aq4UswvD9-xu_Gh8hpbjI8Imx8RaMfDj
Testbook/Modern History,Important_Personalities_in_India.pdf,1Ih42iaVFnQtl3VTabj2pBqosgWCsSkKm
Testbook/Modern History,Committees_and_Commissions.pdf,1OTikT8uzJh4Y-Wq1oCfe5O3dnx_on1Lz
Testbook/Modern History,Important_Books_and_Their_Author_of_Modern_India.pdf,1VgS4fyIxeIyb3BwyEeRzeRC0Z7hp2FUb
Testbook/Modern History,"Newspapers,_Magazines,_and_Journals.pdf",1pf5-ziTpwa_DshK6dllv_IlO-vK3CN96
Testbook/Modern History,Civil_Uprisings.pdf,13XTZadRAg98pdoD-4XNiNe2kXV_zgiM4
Testbook/Modern History,Caste_Movements.pdf,1HheEy3cahKZONCfAQQcKd88hEfXcv_6v
Testbook/Modern History,Tribal_Revolts.pdf,1yWEis92cRIAT5-mowkJvvMvu3a0XWEzh
Testbook/Modern History,Peasant_Movements.pdf,1ibIq_0AR5mo7i7Lj_lq9pyx5H69Z6gCV
Testbook/Modern History,Important_Acts_in_Modern_India.pdf,13AV9CSCjPtJv1kh1SDjXlKnIlPt6l2Ax
Testbook/Modern History,_GOVERNORS_AND_VICEROYS.pdf,1-wqLSsSqZDnTZeMZH_EAkxSTvrY2mDhV
Testbook/Modern History,India_After_Freedom.pdf,1ESUE_aptxe7iAZB4NflwzIYlQKHcQLG4
Testbook/Modern History,Freedom_Movement_(1939_-_1947).pdf,1uKEmfLu2xZRV6GISIGYjCtYf9hcMI0x3
Testbook/Modern History,Freedom_Movement__(1930_-_1939).pdf,1pZqd9PlyNAJnOo00mz4QrvmObUyBQMdl
Testbook/Modern History,Freedom_Movement__(1919_-_1929).pdf,1bvea6I-2L5FlL9_I-kc0lM23iTpx4xAm
Testbook/Modern History,Gandhi_Movements.pdf,1th2zULZ_aaoGQtTlJ0bP1IQt6Fn5zX-p
Testbook/Modern History,Freedom_Movement_-_Extremist_Phase_(1905_-_1916).pdf,18CucmzsHm_EEODqdyM0B_WV9CdzVym6i
Testbook/Modern History,Freedom_Movement_-_Moderate_Phase_(1885_-_1905).pdf,1GfaHmAQBK-MhNkue2Gznq8IPiVVN78ks
Testbook/Modern History,Indian_National_Congress.pdf,1qymt-08M6kJqJQEMVV1gROzx9diKGQ9o
Testbook/Modern History,Political_Organisations_Before_Indian_National_Congress(INC).pdf,1giVZla_2ivvvW0MI-lmX9gFqO8hZvT6h
Testbook/Modern History,Socio-Religious_Reform_Movements.pdf,16nuvN1tK7HB_xQ2ydSLK8iIUHd5HcpoV
Testbook/Modern History,Changes_in_Administration_After_the_Revolt_of_1857.pdf,1zbqt0AbSk4P6j0ttXcuNg_B-0by-zDlu
Testbook/Modern History,_The_Revolt_of_1857.pdf,1M2wKvQ5WCts8wAfnCOZCgmRJk--9Y0Bi
Testbook/Modern History,Economic_Policies_of_Britishers.pdf,1obNSa-K56ipWOthGaKwRpcAxwwOSSGEE
Testbook/Modern History,Anglo-Afghan_Wars_(1839-1919).pdf,1Fip4e0u9nWYcFhLRcb5egdBel9UWo-Y0
Testbook/Modern History,Anglo-Sikh_Wars_(1845-1849).pdf,1UjmZxA6Kmfw5xJTYhfQYx6zALHMBr6cN
Testbook/Modern History,Anglo-Nepal_War.pdf,1vd62SBpYCpLCyvujQzUdZBxzriyaIkqd
Testbook/Modern History,Anglo_-_Mysore_Wars.pdf,16a2MGeORrQiQSwisd5CKDqJ2pCzoCwGV
Testbook/Modern History,Anglo_Maratha_Wars.pdf,11Lel483TFkLoTkpjbYUjt21shM-48eaK
Testbook/Modern History,Carnatic_Wars.pdf,1HFMh5PK0a7phoJU90MLADQ9aP_2tt9CD
Testbook/Modern History,Expansion_of_East_India_Company_-_Battle_of_Plassey_&_Buxar.pdf,1bgtGuQWPRAEU8K8kolOy6-RcZCHv8S5w
Testbook/Modern History,British_East_India_Company.pdf,165AGmrnCXLQxf_C_LP2T78p1KhJe9oNU
Testbook/Modern History,Portuguese.pdf,17n1X-BWvDK2MclnPifdujp3bSR17U58u
Testbook/Modern History,The_Advent_of_Europeans.pdf,1sYCInr2j02huv1Q8oKgjBeoXnhBXPl7l
Testbook/Modern History,Rise_of_Regional_Kingdoms.pdf,1q2049t6dxVVmWKsq0XRa_80aqCD1IFC4
Testbook/Mind Maps,Environmental_Pollution.pdf,1i0qAwPeUdFXQdrzTI9jeDYjNUiux8NZt
Testbook/Mind Maps,Ocean_Currents.pdf,1vDj1v3M2iFv1EWJOK8JjmJ6cdIooFtHa
Testbook/Mind Maps,Soils_in_India.pdf,1DIu7PVwcL-KJijr_1LCP4RioXpupjGsk
Testbook/Mind Maps,Layers_of_Earth.pdf,1M4s50ZUcIatug7txeju-ikRID4Jt_KV-
Testbook/Mind Maps,Inflation_in_India.pdf,15e7dcQsum7skrvpfm6Dj1C2v1NhZySrE
Testbook/Mind Maps,Niti_Aayog.pdf,1M-k74Or6HMK44myC1uZKCqjYHYoGD1z4
Testbook/Mind Maps,Five_Year_Plans.pdf,1BAFgZVPLoA_hTUTHCdD3SSgsZ0ASYQrh
Testbook/Mind Maps,Economic_Planning_in_India.pdf,1XXjWBNNKwmPjx_wUAstHNm3QRQGWKW_K
Testbook/Mind Maps,Planning_Commission.pdf,1xAxLdbyWPxYsnztfUznfJHtxYDcbLN7u
Testbook/Mind Maps,Monetary_Policy_of_RBI.pdf,1uGKxTFHk-rXNjlLg44WxihkOaPHHTd84
Testbook/Mind Maps,Reserve_Bank_of_India.pdf,10Q7xH9I0qkaF6qYR0imVtXqueDTLzOnu
Testbook/Mind Maps,Banking_System_of_India.pdf,1n-62B3H04PakR2Hl8FjXwotOMLYKs1Gh
Testbook/Mind Maps,National_Income.pdf,1vGIWEMb6k8c4BUBWcnffbgp4Dbf5Eq5W
Testbook/Mind Maps,Market_Structure.pdf,1f7fhc5exLA_5OMUPZUKo0X46RKKtHpnz
Testbook/Mind Maps,Theory_of_Consumer_Behavior.pdf,1Ce2iofhkhcdoE8Gqno_PerBYRGXHd_5g
Testbook/Mind Maps,Basic_Concepts_of_Macroeconomics.pdf,1n-WNZjt4IUWF_kGq55DINEanjOi2fE7s
Testbook/Mind Maps,Basic_Concepts_of_Microeconomics.pdf,1tETWfJS3r3iAhE6Fh1Zp_361BOq6OQeT
Testbook/Mind Maps,Panchayati_Raj_Institutions.pdf,1yU-SSpVjloD9LM7cgikzXSIQZpoILsTN
Testbook/Mind Maps,Devices_of_Parliamentary_Proceedings.pdf,1qSPqn0WwnzyVSZkvMH4biA5texFAMAFp
Testbook/Mind Maps,Fundamental_Duties.pdf,1ma9tLSnznh2q_Sih5kQ32xQDEe1YBTDw
Testbook/Mind Maps,Fundamental_Rights.pdf,1srqGPMqQtPb91GVLuvzfr5oYPaLYGDeM
Testbook/Mind Maps,Sources_Of_Indian_Constitution.pdf,1j1fdeSDqtqzJdG1KhguvmBcBYGlXhCpg
Testbook/Mind Maps,Peasant_Movements.pdf,1heICN6HTpavMnCCrT9tFZImFK_mGqmpq
Testbook/Mind Maps,Tribal_Movements.pdf,1gy_8Ns_Z3fQgvNFR7auLBaIERgwndH0i
Testbook/Mind Maps,The_Revolt_of_1857.pdf,1pI-V-mnShr4m3DTfGbaucruaqQy7u2Mk
Testbook/Mind Maps,Akbar_Reign.pdf,1PmZrKT8ZlXfzvQjbDzIBZksBsskwzixR
Testbook/Mind Maps,Mughal_Empire.pdf,1LqZR1rOmfBOJt5nLvuqtBqYR5QuwG6Og
Testbook/Mind Maps,Allauddin_Khalji.pdf,1NPglpHuBQrnvWO1fYtXumIG9rdCYp59o
Testbook/Mind Maps,Khalji_Dynasty.pdf,19Hkha2Mx3zH3m1iYDt8SYoBye3sg5YU5
Testbook/Quantitative Aptitude,Set_Theory_&_Venn_Diagram.pdf,16yPWRizX_jeIIzIYOcc5a4bHMUCeZQDO
Testbook/Quantitative Aptitude,Logarithm.pdf,14It4ZIOaxU1OKKaeEsddFeC-FzAVq9kl
Testbook/Quantitative Aptitude,Probability.pdf,1WqQhE_IoQRcoTnj52nnnaXjdv-WpWsnj
Testbook/Quantitative Aptitude,Permutation_&_Combination.pdf,1RBs_74bCIqYcRXH2fsYEZZooYifklfhg
Testbook/Quantitative Aptitude,Trigonometry.pdf,1NnkQrU3XqSiTJhRq5CmKVdy-Hg3a1vYn
Testbook/Quantitative Aptitude,Co-ordinate_Geometry.pdf,1WgWDlLU9Eea1UCwf4TKyio_dfc6NT8gq
Testbook/Quantitative Aptitude,Geometry.pdf,1-LzWXdLK1UCcgNNVDbXFUh2OXeZU6vp8
Testbook/Quantitative Aptitude,Algebra.pdf,1Qm6a-4MPVezSJKZVUyWPMNKc89u4h_jO
Testbook/Quantitative Aptitude,Progression.pdf,1Qsnkh4F4eQ_qmiE-reVu9f2iPgRz4Xfn
Testbook/Quantitative Aptitude,Elementary_Statistics.pdf,1Uj_HBigqlobDA1OoOEwkxegnNqhOUylH
Testbook/Quantitative Aptitude,Mensuration_3D.pdf,1bGwIvd8VgrHi_RVCDt0oZY0HvoMgnTtG
Testbook/Quantitative Aptitude,Mensuration_2D.pdf,1a5LNjmiQppxA7cvG8HKggcD9QVgW0_Tu
Testbook/Quantitative Aptitude,Interest.pdf,1BktevD3bJ4fsThq2d46bS8j5Stc6aOXB
Testbook/Quantitative Aptitude,Speed_Time_&_Distance.pdf,1yxiUqKifPCTmt-sL17kTv490WrQS2Ntj
Testbook/Quantitative Aptitude,Simplification.pdf,1mGrUURoKUrfobwVJSYr2IHoMczuJnRrx
Testbook/Quantitative Aptitude,Profit_&_Loss.pdf,1whHZ6Qr1NtJuSK_pGh35xUZ9wIy62XAk
Testbook/Quantitative Aptitude,Average.pdf,1VmAhwH89SbUoV0Hz1vI26oqu0nPDZSTG
Testbook/Quantitative Aptitude,Ratio_&_Proportion.pdf,1rfG4iqr9kdRhEIQO3nF3c0vCBRNnxVbc
Testbook/Quantitative Aptitude,Number_System.pdf,1QNqCwZV1UU7n0PsQOYn0RcaD_WSS8b-B
Testbook/Static GK,Government_Policies_and_Schemes_(April_2023-_March_2024).pdf,1zPQfcsSAxivr6lR_5cUDoXOS5J4fFyIs
Testbook/Static GK,Government_Policies_and_Schemes-III.pdf,15AR3p1UfXC9aM9wJQgQCoVI6Fm3R0E4Y
Testbook/Static GK,Government_Policies_and_Schemes-_II.pdf,166BawxhppTbA6zGtA4dqJqgOpXh77IcA
Testbook/Static GK,Government_Policies_and_Schemes-_I.pdf,1m1K8htbaqJp96QS8qAWz2ZE70LOXGzie
Testbook/Static GK,Important_Scientific_Inventions.pdf,1-OK9KBkB_pPQTveys6ck-4dWx-zzRxHw
Testbook/Static GK,Sports_Personalities_II.pdf,1wjKi1E6w5HDFM3yUXMfLDQICm_UVk3sE
Testbook/Static GK,Sports_Personalities-_I.pdf,1GKQE-9B5if0IUF1iqGB8Vzt89jnzMJys
Testbook/Static GK,Sports_Terminology.pdf,1gIe38l9BlF1-wwIpM4gnEABf_Xsx64Yy
Testbook/Static GK,Sports_-_Commonwealth.pdf,1YWhdKundUbVIR6sAk94dFM6DrjY7p0Fb
Testbook/Static GK,Sports_-_Olympics.pdf,1kFbZUwEtQIBFU4TrX7Q1URU1ulqt5fra
Testbook/Static GK,Important_Committees.pdf,1jgZr2t9y5h0BMwiae-f3oyzqg8m0Tl2I
Testbook/Static GK,Important_Books_and_Authors_-_International.pdf,17Lrf5WP0AFCjDrsPBZIb41nUXvcwNBEs
Testbook/Static GK,Important_Books_and_Authors_-_National.pdf,1DOJAQ8HrgA5yhSV1nPL-4fJrj7pWUl5J
Testbook/Static GK,Research_Centres_of_India.pdf,1MKKwBuje0Hm1Kf9ArfbNi9VZEKK_Pnl2
Testbook/Static GK,Intelligence_agencies_.pdf,1kRiJvuCUVGXR1ZdEzCK7J29mfEN2yCpt
Testbook/Static GK,Superlatives_(India).pdf,1n10BnoJ-iDyT2mmpTtdM0hBUfXdxtdsi
Testbook/Static GK,Superlatives_(World).pdf,1O_-wuLQt7vfL2FeeAXolfJvGPuk7fB_-
Testbook/Static GK,National_Symbols.pdf,14xUBKIBXMyVvcHDI57pFV4BL2--3fA22
Testbook/Static GK,States_and_Capitals.pdf,1VZUFGZllzY_tyRuW80FUgc1uw66OlcSV
Testbook/Static GK,Capitals_and_Currency.pdf,1WBqyqyouV_eW3_w78m_LzQCYi5MFrhyN
Testbook/Static GK,UNESCO_World_Heritage_Sites_in_India.pdf,1dUQL3xv_12LKOU5Gdl2LQ4cd056had22
Testbook/Static GK,Defence_Exercises.pdf,1VIzw6YNfyMwB2VRp1vTqqXXRpqXZSPJA
Testbook/Static GK,Defence_Technology.pdf,1_1ExkgLp3PsMoWLVps5lYBI-4RwipsIq
Testbook/Static GK,Defence_Forces.pdf,1dX0PuomD67Fjwtwss8GkS0LEk9qd50b0
Testbook/Static GK,Famous_Places_in_India.pdf,1kTZDNncmMAdc8hxzb-c689szHWq5SfTA
Testbook/Static GK,National_Organization.pdf,1JnVUJ5If9P7HFB9sO1kgFXsbqU5jzvAY
Testbook/Static GK,World_Organisations.pdf,1lADuKTM-4DoJ8vNaaFcAeYW5sOccJr96
Testbook/Static GK,United_Nations.pdf,1RGO0InJelPIK40RXlW7mf6wOjN4kHaud
Testbook/Static GK,First_in_the_World.pdf,1iGV_l4y5j7hfpWOXNvj8YkfNUV96Q4ib
Testbook/Static GK,First_in_India.pdf,11qMCqd5DexcUja_NQB3eWGE3c0IF2z0z
Testbook/Static GK,Famous_Personalities.pdf,1T7kDYCAY8TZPZesmHDpcxldjpQQxKApj
Testbook/Static GK,Days_and_Events_-_(JULY_-_DECEMBER).pdf,1k-X7HGyp-xzv752woGPaiqV8nUAFdonS
Testbook/Static GK,Days_and_Events_(JAN-JUNE).pdf,1pFVayn4owD11cCXHy3jfNm_XiSiKP-cy
Testbook/Static GK,Awards_and_Honours_-_Film_and_Entertainment.pdf,1BsWTEj5fHgm-OuvBabIFqd_RbZt2YjVv
Testbook/Static GK,Awards_and_Honours_-_Nobel_Awards.pdf,1HDmvejk74BFA8kNQ-ozj3ykNcracfksC
Testbook/Static GK,Awards_and_Honours_-_International_Awards_II.pdf,1Rssk7Ee2iTqCiF_BkNSa7sw60kp8pw41
Testbook/Static GK,Awards_and_Honours_-_International_Awards_I.pdf,1Tw137sQgb8Z4UCUmrUM2xnivhUNjTU8F
Testbook/Static GK,Awards_and_Honours_-_Gallantry.pdf,1CGiQmVbhyB3d5W1ATZmAR2j2pwQes5iI
Testbook/Static GK,Awards_and_Honours_-_Sports.pdf,1pPS09617k2OqwgRrOEhPBTsFQFXUrGIO
Testbook/Static GK,Awards_and_Honours_-_National_Awards.pdf,1Yv2tumk68qDWYOXjcll57d-orwO2fuV1
Testbook/World Geography,Mapping_-_Waterfalls.pdf,13bRDOnzrxDwVDVOqjhGsnEAhwKD9Ev4I
Testbook/World Geography,Mapping.pdf,1Zksgz56t13rVxr7FACk0O8aWfuG8ERsN
Testbook/World Geography,Mapping_-_Lakes.pdf,1x6LJMsov8waU7ud_R38F7ytdwZrjGwOQ
Testbook/World Geography,Mapping_-_Plateaus.pdf,1MpeRjWgNTm7sJ7TdqjGRV08Z6s89Jdog
Testbook/World Geography,Mapping_-_Rivers.pdf,1CQgJhtSPHV5FPU51n_9UIo3r7IpbGCsD
Testbook/World Geography,Demography_.pdf,1kpWaTzF4ZqQ4ipXhPCdFbANbTTzIVMS1
Testbook/World Geography,Demography.pdf,1RxTPePWnagI_qY40X1aSpHIkyPqfzTOm
Testbook/World Geography,Mineral_and_Energy_Resources.pdf,1s597yksVgDKaOes9orXZ3QjZsfLg4r34
Testbook/World Geography,Biogeography__Soil.pdf,17BIR4ZrFSbWOjqDnfPQEc2BMj_c_hDQw
Testbook/World Geography,Oceanography_Movements_of_Ocean_Water.pdf,1hYvzdI9PP8Vw7iofiZN6Old_5Lv25NkM
Testbook/World Geography,Oceanography_Ocean_Currents.pdf,1nbwBnhOOGl-2sniVrcGvzBpIG7w6mqMS
Testbook/World Geography,Oceanography__Oceans.pdf,1-Ndz7QPalSX4Etd22IM42HCH29b3Uvrb
Testbook/World Geography,Climatology__Water_in_the_Atmosphere.pdf,106zEcYe3qRmQUPk0M9p3rY3685v6NJQK
Testbook/World Geography,Climatology-_Air_Masses_and_Cyclone.pdf,14eSAsiZ41Z4Hq3vvb3K2emkFNSji9oGc
Testbook/World Geography,Climatology-_Pressure_and_Winds.pdf,1QHICdS9UoFy5F902nXHslASidqntFizJ
Testbook/World Geography,Climatology__Koeppe_N’s_Scheme_Of_Classification_Of_Climate.pdf,12mvh_9WrO-X4TpJs4NMaL0HahJz3JujX
Testbook/World Geography,Climatology__World_Climate.pdf,17g-zkLRqOuSx5Q8Zyka81d1fEuFQBpIX
Testbook/World Geography,Climatology__Atmospheric_Circulation.pdf,1OWGaG8O3E5avAzgKJtuRIuQzEYes768Z
Testbook/World Geography,"Climatology__Solar_Radiation,_Heat_Balance_and_Temperature.pdf",1XXKmDYlYzOfHWmpngyaHP0D55oKAaS-W
Testbook/World Geography,Climatology__Composition_and_Structure_of_Atmosphere.pdf,1XfnKAJ4T4F5XQweLsk7ujOpUzaQJ4kok
Testbook/World Geography,Geomorphology__Landforms(Arid).pdf,11PZ4vU26DFNTZxcJi0ZJWdcPyHTzGe06
Testbook/World Geography,Geomorphology__Landforms(Glacial).pdf,1h43T1Q8euN6NJIsGtEz95LiaVcDUuIV9
Testbook/World Geography,Geomorphology__Landforms(Marine).pdf,1vhWAb70ksCjRGiTwEVRGmlHtJ9nvMu55
Testbook/World Geography,Geomorphology__Landforms(Karst).pdf,1MFziAcivGwPxYmBN8sTTQbUKNdbRL7uh
Testbook/World Geography,Geomorphology__River.pdf,1IeMcYKCP8UMLkgCvd4xYC6f28HjhJ4oF
Testbook/World Geography,Geomorphology__Earthquake.pdf,1o-laku4pDXXMKKmtWtG9N4grXci9rCDV
Testbook/World Geography,Geomorphology__Interior_of_the_Earth.pdf,1-D2CA0cZvX4-iwt-kn209jIBd9skG5W9
Testbook/World Geography,Geomorphology.pdf,1rJwVFikEdLjw_LhgUpBoMLeqDd0YArTw
Testbook/World Geography,Motions_of_the_Earth.pdf,1vEXPzWBCGx5_PVwq_FN-VojOWdsRmqyt
Testbook/World Geography,Latitudes_&_Longitudes.pdf,1UG0Y36yh9mBnQOSLya_-u3wKdNIoa2ui
Testbook/World Geography,Stars_and_The_Solar_System.pdf,1JQsLj60pz60au_XVXnamZmxn8pEaCfL6
Testbook/World Geography,Geological_Time_Scale.pdf,1bd37UrBSk8IHvnwhi2XLgN_O2FF8jsZ2